"primary_mode","Trip Counts_All Days","Trip Counts_Weekday","Trip Duration in Minutes_All Days","Trip Duration in Minutes_Weekday","Trip Distance in Miles_All Days","Trip Distance in Miles_Weekday"
"CAR",1,1,1.66666666666667,1.66666666666667,29.465757921881,29.465757921881
"Total",2,2,3.05,3.05,33.2946200131731,33.2946200131731
"WALK",1,1,1.38333333333333,1.38333333333333,3.82886209129208,3.82886209129208
